{
  "anchors": [
    10,
    13,
    16,
    30,
    33,
    23,
    30,
    61,
    62,
    45,
    59,
    119,
    116,
    90,
    156,
    198,
    373,
    326
  ],
  "inputs": {
    "input0": [
      224,
      224,
      3
    ]
  },
  "outputs": {
    "output0": [
      28,
      28,
      33
    ],
    "output1": [
      14,
      14,
      33
    ],
    "output2": [
      7,
      7,
      33
    ]
  },
  "params_quantity": 7035811,
  "loss": [
    [
      1,
      5.57712
    ],
    [
      2,
      4.47909
    ],
    [
      3,
      3.58589
    ],
    [
      4,
      2.96152
    ],
    [
      5,
      2.64026
    ],
    [
      6,
      2.45091
    ],
    [
      7,
      2.29465
    ],
    [
      8,
      2.20423
    ],
    [
      9,
      2.11147
    ],
    [
      10,
      2.0367
    ],
    [
      11,
      1.9793
    ],
    [
      12,
      1.90365
    ],
    [
      13,
      1.86337
    ],
    [
      14,
      1.78903
    ],
    [
      15,
      1.74312
    ],
    [
      16,
      1.7006
    ],
    [
      17,
      1.64972
    ],
    [
      18,
      1.6071
    ],
    [
      19,
      1.56742
    ],
    [
      20,
      1.51934
    ],
    [
      21,
      1.48568
    ],
    [
      22,
      1.45606
    ],
    [
      23,
      1.41497
    ],
    [
      24,
      1.36108
    ],
    [
      25,
      1.33033
    ],
    [
      26,
      1.31902
    ],
    [
      27,
      1.26327
    ],
    [
      28,
      1.25148
    ],
    [
      29,
      1.2273
    ],
    [
      30,
      1.18624
    ],
    [
      31,
      1.15083
    ],
    [
      32,
      1.15058
    ],
    [
      33,
      1.11889
    ],
    [
      34,
      1.09673
    ],
    [
      35,
      1.07787
    ],
    [
      36,
      1.06315
    ],
    [
      37,
      1.03158
    ],
    [
      38,
      1.02031
    ],
    [
      39,
      1.01126
    ],
    [
      40,
      0.99545
    ],
    [
      41,
      0.98398
    ],
    [
      42,
      0.96817
    ],
    [
      43,
      0.95063
    ],
    [
      44,
      0.94223
    ],
    [
      45,
      0.91859
    ],
    [
      46,
      0.91127
    ],
    [
      47,
      0.91681
    ],
    [
      48,
      0.89017
    ],
    [
      49,
      0.88825
    ],
    [
      50,
      0.87584
    ],
    [
      51,
      0.86489
    ],
    [
      52,
      0.8533
    ],
    [
      53,
      0.84663
    ],
    [
      54,
      0.83693
    ],
    [
      55,
      0.82969
    ],
    [
      56,
      0.82478
    ],
    [
      57,
      0.81936
    ],
    [
      58,
      0.79823
    ],
    [
      59,
      0.78315
    ],
    [
      60,
      0.79016
    ],
    [
      61,
      0.77481
    ],
    [
      62,
      0.77399
    ],
    [
      63,
      0.76374
    ],
    [
      64,
      0.75808
    ],
    [
      65,
      0.74972
    ],
    [
      66,
      0.74125
    ],
    [
      67,
      0.73671
    ],
    [
      68,
      0.73852
    ],
    [
      69,
      0.72813
    ],
    [
      70,
      0.72983
    ],
    [
      71,
      0.71396
    ],
    [
      72,
      0.72638
    ],
    [
      73,
      0.70699
    ],
    [
      74,
      0.7072
    ],
    [
      75,
      0.69524
    ],
    [
      76,
      0.67613
    ],
    [
      77,
      0.69459
    ],
    [
      78,
      0.68259
    ],
    [
      79,
      0.67611
    ],
    [
      80,
      0.67848
    ],
    [
      81,
      0.67021
    ],
    [
      82,
      0.68084
    ],
    [
      83,
      0.66455
    ],
    [
      84,
      0.65638
    ],
    [
      85,
      0.65632
    ],
    [
      86,
      0.64847
    ],
    [
      87,
      0.64534
    ],
    [
      88,
      0.6497
    ],
    [
      89,
      0.62653
    ],
    [
      90,
      0.6363
    ],
    [
      91,
      0.63888
    ],
    [
      92,
      0.61712
    ],
    [
      93,
      0.6257
    ],
    [
      94,
      0.63656
    ],
    [
      95,
      0.62098
    ],
    [
      96,
      0.5984
    ],
    [
      97,
      0.61482
    ],
    [
      98,
      0.60566
    ],
    [
      99,
      0.60552
    ],
    [
      100,
      0.59739
    ]
  ],
  "loss_conf": [
    [
      1,
      0.01442
    ],
    [
      2,
      0.01919
    ],
    [
      3,
      0.02032
    ],
    [
      4,
      0.01955
    ],
    [
      5,
      0.01862
    ],
    [
      6,
      0.01797
    ],
    [
      7,
      0.01739
    ],
    [
      8,
      0.01702
    ],
    [
      9,
      0.01666
    ],
    [
      10,
      0.01627
    ],
    [
      11,
      0.01597
    ],
    [
      12,
      0.01564
    ],
    [
      13,
      0.01537
    ],
    [
      14,
      0.01501
    ],
    [
      15,
      0.01474
    ],
    [
      16,
      0.01452
    ],
    [
      17,
      0.01416
    ],
    [
      18,
      0.01383
    ],
    [
      19,
      0.01353
    ],
    [
      20,
      0.01324
    ],
    [
      21,
      0.01298
    ],
    [
      22,
      0.01276
    ],
    [
      23,
      0.01232
    ],
    [
      24,
      0.01198
    ],
    [
      25,
      0.01176
    ],
    [
      26,
      0.0115
    ],
    [
      27,
      0.01106
    ],
    [
      28,
      0.01098
    ],
    [
      29,
      0.01073
    ],
    [
      30,
      0.01036
    ],
    [
      31,
      0.01008
    ],
    [
      32,
      0.00999
    ],
    [
      33,
      0.0097
    ],
    [
      34,
      0.00948
    ],
    [
      35,
      0.00929
    ],
    [
      36,
      0.00908
    ],
    [
      37,
      0.00882
    ],
    [
      38,
      0.00875
    ],
    [
      39,
      0.00854
    ],
    [
      40,
      0.00837
    ],
    [
      41,
      0.00832
    ],
    [
      42,
      0.00811
    ],
    [
      43,
      0.00798
    ],
    [
      44,
      0.00792
    ],
    [
      45,
      0.0077
    ],
    [
      46,
      0.00769
    ],
    [
      47,
      0.00759
    ],
    [
      48,
      0.00733
    ],
    [
      49,
      0.00728
    ],
    [
      50,
      0.00721
    ],
    [
      51,
      0.00713
    ],
    [
      52,
      0.007
    ],
    [
      53,
      0.00691
    ],
    [
      54,
      0.00682
    ],
    [
      55,
      0.00675
    ],
    [
      56,
      0.00663
    ],
    [
      57,
      0.00658
    ],
    [
      58,
      0.00645
    ],
    [
      59,
      0.00631
    ],
    [
      60,
      0.00634
    ],
    [
      61,
      0.00616
    ],
    [
      62,
      0.00617
    ],
    [
      63,
      0.00605
    ],
    [
      64,
      0.00607
    ],
    [
      65,
      0.00597
    ],
    [
      66,
      0.00587
    ],
    [
      67,
      0.0058
    ],
    [
      68,
      0.00581
    ],
    [
      69,
      0.00575
    ],
    [
      70,
      0.00578
    ],
    [
      71,
      0.00561
    ],
    [
      72,
      0.00572
    ],
    [
      73,
      0.00552
    ],
    [
      74,
      0.00553
    ],
    [
      75,
      0.00546
    ],
    [
      76,
      0.00527
    ],
    [
      77,
      0.00545
    ],
    [
      78,
      0.00529
    ],
    [
      79,
      0.00525
    ],
    [
      80,
      0.00525
    ],
    [
      81,
      0.00521
    ],
    [
      82,
      0.00524
    ],
    [
      83,
      0.00511
    ],
    [
      84,
      0.00509
    ],
    [
      85,
      0.00506
    ],
    [
      86,
      0.005
    ],
    [
      87,
      0.00494
    ],
    [
      88,
      0.00495
    ],
    [
      89,
      0.00483
    ],
    [
      90,
      0.00487
    ],
    [
      91,
      0.00483
    ],
    [
      92,
      0.0047
    ],
    [
      93,
      0.00479
    ],
    [
      94,
      0.00479
    ],
    [
      95,
      0.00472
    ],
    [
      96,
      0.00455
    ],
    [
      97,
      0.00469
    ],
    [
      98,
      0.00462
    ],
    [
      99,
      0.00458
    ],
    [
      100,
      0.00455
    ]
  ],
  "loss_pos": [
    [
      1,
      0.10968
    ],
    [
      2,
      0.08531
    ],
    [
      3,
      0.07077
    ],
    [
      4,
      0.0599
    ],
    [
      5,
      0.05408
    ],
    [
      6,
      0.05048
    ],
    [
      7,
      0.04795
    ],
    [
      8,
      0.04618
    ],
    [
      9,
      0.04435
    ],
    [
      10,
      0.04295
    ],
    [
      11,
      0.04171
    ],
    [
      12,
      0.04003
    ],
    [
      13,
      0.03915
    ],
    [
      14,
      0.03771
    ],
    [
      15,
      0.03665
    ],
    [
      16,
      0.03577
    ],
    [
      17,
      0.03474
    ],
    [
      18,
      0.03368
    ],
    [
      19,
      0.03291
    ],
    [
      20,
      0.03186
    ],
    [
      21,
      0.03104
    ],
    [
      22,
      0.0305
    ],
    [
      23,
      0.0297
    ],
    [
      24,
      0.02863
    ],
    [
      25,
      0.02783
    ],
    [
      26,
      0.02765
    ],
    [
      27,
      0.02658
    ],
    [
      28,
      0.02621
    ],
    [
      29,
      0.0258
    ],
    [
      30,
      0.025
    ],
    [
      31,
      0.02428
    ],
    [
      32,
      0.02426
    ],
    [
      33,
      0.02364
    ],
    [
      34,
      0.02318
    ],
    [
      35,
      0.02288
    ],
    [
      36,
      0.02267
    ],
    [
      37,
      0.02198
    ],
    [
      38,
      0.02174
    ],
    [
      39,
      0.02166
    ],
    [
      40,
      0.02139
    ],
    [
      41,
      0.02108
    ],
    [
      42,
      0.02071
    ],
    [
      43,
      0.02041
    ],
    [
      44,
      0.02022
    ],
    [
      45,
      0.01978
    ],
    [
      46,
      0.01948
    ],
    [
      47,
      0.01974
    ],
    [
      48,
      0.01921
    ],
    [
      49,
      0.01924
    ],
    [
      50,
      0.01897
    ],
    [
      51,
      0.01865
    ],
    [
      52,
      0.01849
    ],
    [
      53,
      0.01835
    ],
    [
      54,
      0.01818
    ],
    [
      55,
      0.01808
    ],
    [
      56,
      0.01802
    ],
    [
      57,
      0.01787
    ],
    [
      58,
      0.0174
    ],
    [
      59,
      0.01714
    ],
    [
      60,
      0.01728
    ],
    [
      61,
      0.01705
    ],
    [
      62,
      0.01696
    ],
    [
      63,
      0.01678
    ],
    [
      64,
      0.01661
    ],
    [
      65,
      0.01648
    ],
    [
      66,
      0.01631
    ],
    [
      67,
      0.01627
    ],
    [
      68,
      0.01618
    ],
    [
      69,
      0.01606
    ],
    [
      70,
      0.01602
    ],
    [
      71,
      0.01576
    ],
    [
      72,
      0.01605
    ],
    [
      73,
      0.01568
    ],
    [
      74,
      0.01556
    ],
    [
      75,
      0.01535
    ],
    [
      76,
      0.01497
    ],
    [
      77,
      0.01531
    ],
    [
      78,
      0.01512
    ],
    [
      79,
      0.01503
    ],
    [
      80,
      0.01506
    ],
    [
      81,
      0.01487
    ],
    [
      82,
      0.01518
    ],
    [
      83,
      0.01483
    ],
    [
      84,
      0.01457
    ],
    [
      85,
      0.01462
    ],
    [
      86,
      0.01446
    ],
    [
      87,
      0.01444
    ],
    [
      88,
      0.01451
    ],
    [
      89,
      0.01392
    ],
    [
      90,
      0.01419
    ],
    [
      91,
      0.01425
    ],
    [
      92,
      0.0138
    ],
    [
      93,
      0.01393
    ],
    [
      94,
      0.0142
    ],
    [
      95,
      0.01388
    ],
    [
      96,
      0.01337
    ],
    [
      97,
      0.0137
    ],
    [
      98,
      0.01352
    ],
    [
      99,
      0.01357
    ],
    [
      100,
      0.01337
    ]
  ],
  "loss_class": [
    [
      1,
      0.05079
    ],
    [
      2,
      0.036
    ],
    [
      3,
      0.02138
    ],
    [
      4,
      0.01347
    ],
    [
      5,
      0.0101
    ],
    [
      6,
      0.00845
    ],
    [
      7,
      0.00667
    ],
    [
      8,
      0.00597
    ],
    [
      9,
      0.00525
    ],
    [
      10,
      0.00471
    ],
    [
      11,
      0.00442
    ],
    [
      12,
      0.00403
    ],
    [
      13,
      0.00393
    ],
    [
      14,
      0.0034
    ],
    [
      15,
      0.0033
    ],
    [
      16,
      0.0031
    ],
    [
      17,
      0.00283
    ],
    [
      18,
      0.00291
    ],
    [
      19,
      0.00273
    ],
    [
      20,
      0.00257
    ],
    [
      21,
      0.00262
    ],
    [
      22,
      0.00243
    ],
    [
      23,
      0.00237
    ],
    [
      24,
      0.00209
    ],
    [
      25,
      0.00216
    ],
    [
      26,
      0.00222
    ],
    [
      27,
      0.00201
    ],
    [
      28,
      0.00206
    ],
    [
      29,
      0.00197
    ],
    [
      30,
      0.00188
    ],
    [
      31,
      0.00173
    ],
    [
      32,
      0.00185
    ],
    [
      33,
      0.00179
    ],
    [
      34,
      0.00178
    ],
    [
      35,
      0.00164
    ],
    [
      36,
      0.00161
    ],
    [
      37,
      0.00156
    ],
    [
      38,
      0.00155
    ],
    [
      39,
      0.00155
    ],
    [
      40,
      0.00147
    ],
    [
      41,
      0.00147
    ],
    [
      42,
      0.00156
    ],
    [
      43,
      0.00145
    ],
    [
      44,
      0.00143
    ],
    [
      45,
      0.00135
    ],
    [
      46,
      0.00143
    ],
    [
      47,
      0.00143
    ],
    [
      48,
      0.00139
    ],
    [
      49,
      0.00135
    ],
    [
      50,
      0.0013
    ],
    [
      51,
      0.00137
    ],
    [
      52,
      0.00128
    ],
    [
      53,
      0.00132
    ],
    [
      54,
      0.00125
    ],
    [
      55,
      0.0012
    ],
    [
      56,
      0.00123
    ],
    [
      57,
      0.00129
    ],
    [
      58,
      0.00119
    ],
    [
      59,
      0.00113
    ],
    [
      60,
      0.00117
    ],
    [
      61,
      0.0011
    ],
    [
      62,
      0.00115
    ],
    [
      63,
      0.00114
    ],
    [
      64,
      0.00111
    ],
    [
      65,
      0.00108
    ],
    [
      66,
      0.00108
    ],
    [
      67,
      0.00105
    ],
    [
      68,
      0.00118
    ],
    [
      69,
      0.00104
    ],
    [
      70,
      0.00111
    ],
    [
      71,
      0.00103
    ],
    [
      72,
      0.00102
    ],
    [
      73,
      0.001
    ],
    [
      74,
      0.00108
    ],
    [
      75,
      0.00101
    ],
    [
      76,
      0.00097
    ],
    [
      77,
      0.00101
    ],
    [
      78,
      0.00102
    ],
    [
      79,
      0.00093
    ],
    [
      80,
      0.00098
    ],
    [
      81,
      0.00096
    ],
    [
      82,
      0.00094
    ],
    [
      83,
      0.00092
    ],
    [
      84,
      0.00094
    ],
    [
      85,
      0.00093
    ],
    [
      86,
      0.0009
    ],
    [
      87,
      0.0009
    ],
    [
      88,
      0.00094
    ],
    [
      89,
      0.0009
    ],
    [
      90,
      0.00091
    ],
    [
      91,
      0.00097
    ],
    [
      92,
      0.00086
    ],
    [
      93,
      0.00094
    ],
    [
      94,
      0.00099
    ],
    [
      95,
      0.00089
    ],
    [
      96,
      0.00085
    ],
    [
      97,
      0.00089
    ],
    [
      98,
      0.00085
    ],
    [
      99,
      0.00085
    ],
    [
      100,
      0.00085
    ]
  ],
  "lr": [
    [
      1,
      0.001
    ],
    [
      2,
      0.00098
    ],
    [
      3,
      0.00095
    ],
    [
      4,
      0.00093
    ],
    [
      5,
      0.00091
    ],
    [
      6,
      0.00089
    ],
    [
      7,
      0.00087
    ],
    [
      8,
      0.00085
    ],
    [
      9,
      0.00083
    ],
    [
      10,
      0.00081
    ],
    [
      11,
      0.00079
    ],
    [
      12,
      0.00078
    ],
    [
      13,
      0.00076
    ],
    [
      14,
      0.00074
    ],
    [
      15,
      0.00072
    ],
    [
      16,
      0.00071
    ],
    [
      17,
      0.00069
    ],
    [
      18,
      0.00068
    ],
    [
      19,
      0.00066
    ],
    [
      20,
      0.00065
    ],
    [
      21,
      0.00063
    ],
    [
      22,
      0.00062
    ],
    [
      23,
      0.0006
    ],
    [
      24,
      0.00059
    ],
    [
      25,
      0.00058
    ],
    [
      26,
      0.00056
    ],
    [
      27,
      0.00055
    ],
    [
      28,
      0.00054
    ],
    [
      29,
      0.00052
    ],
    [
      30,
      0.00051
    ],
    [
      31,
      0.0005
    ],
    [
      32,
      0.00049
    ],
    [
      33,
      0.00048
    ],
    [
      34,
      0.00047
    ],
    [
      35,
      0.00046
    ],
    [
      36,
      0.00045
    ],
    [
      37,
      0.00044
    ],
    [
      38,
      0.00043
    ],
    [
      39,
      0.00042
    ],
    [
      40,
      0.00041
    ],
    [
      41,
      0.0004
    ],
    [
      42,
      0.00039
    ],
    [
      43,
      0.00038
    ],
    [
      44,
      0.00037
    ],
    [
      45,
      0.00036
    ],
    [
      46,
      0.00035
    ],
    [
      47,
      0.00035
    ],
    [
      48,
      0.00034
    ],
    [
      49,
      0.00033
    ],
    [
      50,
      0.00032
    ],
    [
      51,
      0.00032
    ],
    [
      52,
      0.00031
    ],
    [
      53,
      0.0003
    ],
    [
      54,
      0.0003
    ],
    [
      55,
      0.00029
    ],
    [
      56,
      0.00028
    ],
    [
      57,
      0.00028
    ],
    [
      58,
      0.00027
    ],
    [
      59,
      0.00026
    ],
    [
      60,
      0.00026
    ],
    [
      61,
      0.00025
    ],
    [
      62,
      0.00025
    ],
    [
      63,
      0.00024
    ],
    [
      64,
      0.00023
    ],
    [
      65,
      0.00023
    ],
    [
      66,
      0.00022
    ],
    [
      67,
      0.00022
    ],
    [
      68,
      0.00021
    ],
    [
      69,
      0.00021
    ],
    [
      70,
      0.0002
    ],
    [
      71,
      0.0002
    ],
    [
      72,
      0.00019
    ],
    [
      73,
      0.00019
    ],
    [
      74,
      0.00019
    ],
    [
      75,
      0.00018
    ],
    [
      76,
      0.00018
    ],
    [
      77,
      0.00017
    ],
    [
      78,
      0.00017
    ],
    [
      79,
      0.00017
    ],
    [
      80,
      0.00016
    ],
    [
      81,
      0.00016
    ],
    [
      82,
      0.00015
    ],
    [
      83,
      0.00015
    ],
    [
      84,
      0.00015
    ],
    [
      85,
      0.00014
    ],
    [
      86,
      0.00014
    ],
    [
      87,
      0.00014
    ],
    [
      88,
      0.00013
    ],
    [
      89,
      0.00013
    ],
    [
      90,
      0.00013
    ],
    [
      91,
      0.00013
    ],
    [
      92,
      0.00012
    ],
    [
      93,
      0.00012
    ],
    [
      94,
      0.00012
    ],
    [
      95,
      0.00011
    ],
    [
      96,
      0.00011
    ],
    [
      97,
      0.00011
    ],
    [
      98,
      0.00011
    ],
    [
      99,
      0.0001
    ],
    [
      100,
      0.0001
    ]
  ],
  "val_acc": [
    [
      10,
      0.34844
    ],
    [
      20,
      0.5098
    ],
    [
      30,
      0.51068
    ],
    [
      40,
      0.53544
    ],
    [
      50,
      0.54214
    ],
    [
      60,
      0.53211
    ],
    [
      70,
      0.54897
    ],
    [
      80,
      0.51389
    ],
    [
      90,
      0.54195
    ],
    [
      100,
      0.53436
    ]
  ],
  "val_acc_crazing": [
    [
      10,
      0.0
    ],
    [
      20,
      0.1342
    ],
    [
      30,
      0.1013
    ],
    [
      40,
      0.12051
    ],
    [
      50,
      0.12784
    ],
    [
      60,
      0.13131
    ],
    [
      70,
      0.13636
    ],
    [
      80,
      0.07071
    ],
    [
      90,
      0.07955
    ],
    [
      100,
      0.08523
    ]
  ],
  "val_acc_patches": [
    [
      10,
      0.794
    ],
    [
      20,
      0.77443
    ],
    [
      30,
      0.80348
    ],
    [
      40,
      0.76842
    ],
    [
      50,
      0.76896
    ],
    [
      60,
      0.7807
    ],
    [
      70,
      0.76715
    ],
    [
      80,
      0.76715
    ],
    [
      90,
      0.77922
    ],
    [
      100,
      0.76246
    ]
  ],
  "val_acc_inclusion": [
    [
      10,
      0.42039
    ],
    [
      20,
      0.60349
    ],
    [
      30,
      0.58831
    ],
    [
      40,
      0.66336
    ],
    [
      50,
      0.59679
    ],
    [
      60,
      0.69642
    ],
    [
      70,
      0.67621
    ],
    [
      80,
      0.56931
    ],
    [
      90,
      0.68231
    ],
    [
      100,
      0.65168
    ]
  ],
  "val_acc_pitted_surface": [
    [
      10,
      0.54545
    ],
    [
      20,
      0.71429
    ],
    [
      30,
      0.71515
    ],
    [
      40,
      0.70455
    ],
    [
      50,
      0.69421
    ],
    [
      60,
      0.68308
    ],
    [
      70,
      0.66168
    ],
    [
      80,
      0.67083
    ],
    [
      90,
      0.67083
    ],
    [
      100,
      0.68198
    ]
  ],
  "val_acc_rolled-in_scale": [
    [
      10,
      0.15909
    ],
    [
      20,
      0.29785
    ],
    [
      30,
      0.31039
    ],
    [
      40,
      0.3418
    ],
    [
      50,
      0.38803
    ],
    [
      60,
      0.32709
    ],
    [
      70,
      0.39394
    ],
    [
      80,
      0.33497
    ],
    [
      90,
      0.34745
    ],
    [
      100,
      0.34008
    ]
  ],
  "val_acc_scratches": [
    [
      10,
      0.17172
    ],
    [
      20,
      0.53455
    ],
    [
      30,
      0.54545
    ],
    [
      40,
      0.61402
    ],
    [
      50,
      0.67703
    ],
    [
      60,
      0.57403
    ],
    [
      70,
      0.65848
    ],
    [
      80,
      0.67035
    ],
    [
      90,
      0.69236
    ],
    [
      100,
      0.68471
    ]
  ],
  "mean": 0,
  "std": 255,
  "label_type": "detection",
  "data_type": "image",
  "labels": [
    "crazing",
    "patches",
    "inclusion",
    "pitted_surface",
    "rolled-in_scale",
    "scratches"
  ],
  "best_eval": {
    "epoch": 70,
    "val_acc": 0.549,
    "val_info": [
      {
        "name": "800a42cbde274adc930d1b9acc31b602.jpg",
        "nickname": "inclusion_87.jpg",
        "pred": [
          [
            50,
            84,
            61,
            118,
            0.9496386647224426,
            2.0
          ],
          [
            169,
            17,
            195,
            102,
            0.9386845231056213,
            2.0
          ],
          [
            70,
            105,
            86,
            166,
            0.9203958511352539,
            2.0
          ],
          [
            96,
            133,
            128,
            196,
            0.8961813449859619,
            2.0
          ],
          [
            21,
            120,
            35,
            165,
            0.887530505657196,
            2.0
          ],
          [
            75,
            34,
            94,
            86,
            0.8170577883720398,
            2.0
          ],
          [
            95,
            2,
            116,
            73,
            0.6849884390830994,
            2.0
          ]
        ],
        "gt": [
          [
            45,
            82,
            67,
            119,
            1.0,
            2.0
          ],
          [
            67,
            102,
            89,
            164,
            1.0,
            2.0
          ],
          [
            92,
            138,
            134,
            180,
            1.0,
            2.0
          ],
          [
            72,
            36,
            95,
            87,
            1.0,
            2.0
          ],
          [
            92,
            1,
            115,
            72,
            1.0,
            2.0
          ],
          [
            167,
            23,
            189,
            105,
            1.0,
            2.0
          ],
          [
            19,
            117,
            38,
            167,
            1.0,
            2.0
          ]
        ],
        "ok": true
      },
      {
        "name": "d6b8c182f71f406991da10e90620a4f6.jpg",
        "nickname": "patches_142.jpg",
        "pred": [
          [
            -1,
            13,
            48,
            87,
            0.981958270072937,
            1.0
          ],
          [
            2,
            103,
            59,
            194,
            0.9571067690849304,
            1.0
          ],
          [
            114,
            9,
            190,
            185,
            0.9261590242385864,
            1.0
          ],
          [
            64,
            22,
            127,
            100,
            0.8949972987174988,
            1.0
          ]
        ],
        "gt": [
          [
            1,
            12,
            46,
            88,
            1.0,
            1.0
          ],
          [
            1,
            105,
            60,
            198,
            1.0,
            1.0
          ],
          [
            62,
            26,
            128,
            106,
            1.0,
            1.0
          ],
          [
            129,
            1,
            196,
            161,
            1.0,
            1.0
          ],
          [
            100,
            127,
            179,
            198,
            1.0,
            1.0
          ]
        ],
        "ok": true
      },
      {
        "name": "1a1a426d0e8c448bb0f5e682a055f569.jpg",
        "nickname": "patches_21.jpg",
        "pred": [
          [
            119,
            17,
            185,
            191,
            0.9584268927574158,
            1.0
          ],
          [
            36,
            9,
            81,
            117,
            0.9453239440917969,
            1.0
          ],
          [
            38,
            120,
            114,
            180,
            0.9243638515472412,
            1.0
          ],
          [
            136,
            0,
            194,
            20,
            0.5833595991134644,
            1.0
          ]
        ],
        "gt": [
          [
            31,
            1,
            109,
            179,
            1.0,
            1.0
          ],
          [
            119,
            1,
            189,
            198,
            1.0,
            1.0
          ]
        ],
        "ok": false
      },
      {
        "name": "2732772d367f48048eb1999433bd2980.jpg",
        "nickname": "crazing_169.jpg",
        "pred": [
          [
            93,
            89,
            169,
            164,
            0.888024628162384,
            0.0
          ],
          [
            8,
            93,
            84,
            155,
            0.8473440408706665,
            0.0
          ],
          [
            13,
            2,
            101,
            56,
            0.6911683678627014,
            0.0
          ]
        ],
        "gt": [
          [
            4,
            46,
            146,
            112,
            1.0,
            0.0
          ],
          [
            27,
            117,
            179,
            152,
            1.0,
            0.0
          ],
          [
            19,
            10,
            138,
            62,
            1.0,
            0.0
          ]
        ],
        "ok": true
      },
      {
        "name": "4213c9f3d37745ae9963d4af70c98b15.jpg",
        "nickname": "scratches_131.jpg",
        "pred": [
          [
            101,
            26,
            128,
            105,
            0.8803776502609253,
            2.0
          ],
          [
            170,
            0,
            195,
            200,
            0.6730679869651794,
            2.0
          ],
          [
            139,
            8,
            156,
            199,
            0.8416505455970764,
            5.0
          ]
        ],
        "gt": [
          [
            97,
            34,
            129,
            106,
            1.0,
            2.0
          ],
          [
            171,
            34,
            198,
            198,
            1.0,
            2.0
          ],
          [
            67,
            12,
            94,
            155,
            1.0,
            5.0
          ],
          [
            139,
            5,
            154,
            197,
            1.0,
            5.0
          ]
        ],
        "ok": true
      },
      {
        "name": "08b8ae4828554e41aab14c7ac5f3d089.jpg",
        "nickname": "pitted_surface_221.jpg",
        "pred": [
          [
            155,
            151,
            194,
            197,
            0.5297233462333679,
            1.0
          ],
          [
            62,
            2,
            187,
            195,
            0.9173303246498108,
            3.0
          ],
          [
            4,
            -2,
            80,
            198,
            0.8507260084152222,
            3.0
          ]
        ],
        "gt": [
          [
            23,
            2,
            194,
            192,
            1.0,
            3.0
          ]
        ],
        "ok": false
      },
      {
        "name": "db9429a4d8b14676a51024bcf752a208.jpg",
        "nickname": "pitted_surface_226.jpg",
        "pred": [
          [
            6,
            1,
            52,
            57,
            0.9109147191047668,
            1.0
          ],
          [
            4,
            66,
            48,
            192,
            0.6277418732643127,
            3.0
          ],
          [
            47,
            12,
            168,
            189,
            0.5162438750267029,
            3.0
          ]
        ],
        "gt": [
          [
            4,
            1,
            43,
            55,
            1.0,
            1.0
          ],
          [
            2,
            90,
            80,
            196,
            1.0,
            3.0
          ],
          [
            112,
            6,
            188,
            192,
            1.0,
            3.0
          ],
          [
            51,
            13,
            136,
            178,
            1.0,
            3.0
          ]
        ],
        "ok": true
      },
      {
        "name": "2f9b420329f74442b8dd438c2fb5ee2e.jpg",
        "nickname": "inclusion_212.jpg",
        "pred": [
          [
            45,
            27,
            77,
            161,
            0.8748050928115845,
            2.0
          ],
          [
            163,
            89,
            181,
            120,
            0.7939876914024353,
            2.0
          ],
          [
            162,
            1,
            175,
            24,
            0.5288270711898804,
            2.0
          ]
        ],
        "gt": [
          [
            43,
            43,
            78,
            162,
            1.0,
            2.0
          ],
          [
            162,
            85,
            185,
            126,
            1.0,
            2.0
          ]
        ],
        "ok": false
      },
      {
        "name": "23e31619ca78439a9dab057f09aa47b5.jpg",
        "nickname": "scratches_3.jpg",
        "pred": [
          [
            165,
            29,
            179,
            125,
            0.8767285346984863,
            5.0
          ],
          [
            147,
            169,
            177,
            195,
            0.7685171961784363,
            5.0
          ],
          [
            112,
            94,
            127,
            178,
            0.5544430613517761,
            5.0
          ]
        ],
        "gt": [
          [
            147,
            164,
            176,
            198,
            1.0,
            5.0
          ],
          [
            167,
            39,
            179,
            121,
            1.0,
            5.0
          ]
        ],
        "ok": false
      },
      {
        "name": "bf1f3df5a73b4eea9f4dedd613c60ca2.jpg",
        "nickname": "crazing_103.jpg",
        "pred": [
          [
            130,
            29,
            192,
            114,
            0.688801109790802,
            0.0
          ],
          [
            2,
            137,
            125,
            185,
            0.6820851564407349,
            0.0
          ],
          [
            -1,
            14,
            104,
            66,
            0.6477785110473633,
            0.0
          ]
        ],
        "gt": [
          [
            1,
            18,
            129,
            98,
            1.0,
            0.0
          ],
          [
            126,
            29,
            197,
            129,
            1.0,
            0.0
          ],
          [
            1,
            106,
            86,
            190,
            1.0,
            0.0
          ]
        ],
        "ok": false
      },
      {
        "name": "7d98e83301634e10b6c60cd7ec2c240f.jpg",
        "nickname": "rolled-in_scale_70.jpg",
        "pred": [
          [
            1,
            73,
            110,
            193,
            0.9622647166252136,
            4.0
          ],
          [
            140,
            163,
            194,
            190,
            0.6395159363746643,
            4.0
          ],
          [
            139,
            68,
            184,
            110,
            0.5975383520126343,
            4.0
          ]
        ],
        "gt": [
          [
            2,
            76,
            103,
            198,
            1.0,
            4.0
          ],
          [
            145,
            57,
            181,
            110,
            1.0,
            4.0
          ],
          [
            140,
            169,
            196,
            195,
            1.0,
            4.0
          ]
        ],
        "ok": true
      },
      {
        "name": "4bdb868d27e4421babbbb39e1a027579.jpg",
        "nickname": "rolled-in_scale_142.jpg",
        "pred": [
          [
            41,
            21,
            103,
            97,
            0.8972448706626892,
            4.0
          ],
          [
            32,
            127,
            100,
            196,
            0.8103863000869751,
            4.0
          ]
        ],
        "gt": [
          [
            52,
            25,
            128,
            97,
            1.0,
            4.0
          ]
        ],
        "ok": false
      }
    ]
  }
}